city,id,last_name,official_sk,district_id,district_sk,name_formal,party,num_officials,first_name,chamber_id,gov_type,valid_from,links,chamber_type,state,valid_to
Edison,192100,Patil,173886,At Large,859203,Edison Township Council,,1,Ajay,4341,LOCAL,2015-12-31 00:00:00+00,#,LOWER,NJ,2019-12-31 00:00:00+00
,196055,Addiego,5959,000000000008,4623,New Jersey State Senate,Republican,1,Dawn,2363,STATE,2012-01-10 00:00:00+00,#,UPPER,NJ,2022-01-11 00:00:00+00
Elizabeth,195712,Mazza,174883,6,858439,Elizabeth City Council,,1,Frank,4383,LOCAL,2015-01-01 00:00:00+00,#,LOWER,NJ,2019-01-01 00:00:00+00
Elizabeth,195707,Perkins-Auguste,174877,At Large,858472,Elizabeth City Council,,1,Patricia,4383,LOCAL,2017-01-01 00:00:00+00,#,LOWER,NJ,2021-01-01 00:00:00+00
,67084,Barnes,16722,000000000018,10844,New Jersey General Assembly,Democrat,2,Peter,4411,STATE,2012-01-10 00:00:00+00,127723,LOWER,NJ,2014-01-14 00:00:00+00
Woodbridge,192114,Anderson,173679,At Large,858528,Woodbridge Township Council,,1,Kyle,4297,LOCAL,2012-01-01 00:00:00+00,#,LOWER,NJ,2020-01-01 00:00:00+00
,196087,Doherty,8232,000000000023,4640,New Jersey State Senate,Republican,1,Michael,2363,STATE,2012-01-10 00:00:00+00,#,UPPER,NJ,2022-01-11 00:00:00+00
,196209,Cruz-Perez,90133,000000000005,4620,New Jersey State Senate,Democrat,1,Nilsa,2363,STATE,2014-12-15 00:00:00+00,#,UPPER,NJ,2022-01-11 00:00:00+00
,196054,Singleton,16762,000000000007,4622,New Jersey State Senate,Democratic,1,Troy,2363,STATE,2018-01-09 00:00:00+00,188988,UPPER,NJ,2022-01-11 00:00:00+00
,196050,Beach,14520,000000000006,4621,New Jersey State Senate,Democrat,1,James,2363,STATE,2012-01-10 00:00:00+00,#,UPPER,NJ,2022-01-11 00:00:00+00
,196084,Cryan,183514,000000000020,4636,New Jersey State Senate,Democrat,1,Joseph,2363,STATE,2018-01-09 00:00:00+00,#,UPPER,NJ,2022-01-11 00:00:00+00
Woodbridge,192109,Patel,173678,4,858729,Woodbridge Township Council,,1,Virbhadra,4297,LOCAL,2016-08-14 00:00:00+00,#,LOWER,NJ,2022-01-01 00:00:00+00
,200424,Rooney,161406,000000000040,10866,New Jersey General Assembly,Republican,2,Kevin,4411,STATE,2016-12-12 00:00:00+00,#,LOWER,NJ,2020-01-14 00:00:00+00
,196075,Greenstein,15805,000000000014,4630,New Jersey State Senate,Democrat,1,Linda,2363,STATE,2012-01-10 00:00:00+00,#,UPPER,NJ,2022-01-11 00:00:00+00
,4916,Biondi,4916,000000000016,10842,New Jersey General Assembly,Republican,2,Peter,4411,STATE,2012-01-10 00:00:00+00,#,LOWER,NJ,0001-01-02 00:00:00+00
,6349,Lance,6349,000000000007,1485,United States House of Representatives,Republican,0,Leonard,4507,NATIONAL,2011-01-04 00:00:00+00,#,LOWER,NJ,2013-01-03 00:00:00+00
Atlantic City,2520,Ward,2520,000000000001,364,Atlantic City Council,,1,Bruce,1620,LOCAL,0001-01-01 00:00:00+00,#,LOWER,NJ,0001-01-02 00:00:00+00
,16813,Voss,16813,000000000038,10864,New Jersey General Assembly,Democrat,2,Joan,4411,STATE,2012-01-10 00:00:00+00,#,LOWER,NJ,0001-01-02 00:00:00+00
,18147,Lance,18147,000000000023,4640,New Jersey State Senate,Republican,1,Leonard,2363,STATE,0001-01-01 00:00:00+00,#,UPPER,NJ,2012-01-10 00:00:00+00
,13343,Frelinghuysen,13343,000000000011,1471,United States House of Representatives,Republican,0,Rodney,4507,NATIONAL,2011-01-04 00:00:00+00,#,LOWER,NJ,2013-01-03 00:00:00+00
,198739,VACANT,198737,000000000038,10864,New Jersey General Assembly,,2,VACANT,4411,STATE,2018-04-12 00:00:00+00,#,LOWER,NJ,
,196083,Vitale,4310,000000000019,4635,New Jersey State Senate,Democrat,1,Joseph,2363,STATE,2012-01-10 00:00:00+00,#,UPPER,NJ,2022-01-11 00:00:00+00
,407,O'Scanlon,407,000000000012,10838,New Jersey General Assembly,Republican,2,Declan,4411,STATE,2012-01-10 00:00:00+00,#,LOWER,NJ,0001-01-02 00:00:00+00
Jersey City,194233,Boggiano,69704,C,2314,Jersey City City Council,,1,Richard,4225,LOCAL,2013-07-01 00:00:00+00,#,LOWER,NJ,2022-01-01 00:00:00+00
,63044,Chiusano,9006,000000000024,10850,New Jersey General Assembly,Republican,2,Gary,4411,STATE,2012-01-10 00:00:00+00,#,LOWER,NJ,2013-02-11 00:00:00+00
Newark,200995,Gonzalez,173935,At Large,858595,Newark City Council,,1,Carols,4564,LOCAL,2014-07-01 00:00:00+00,#,LOWER,NJ,2022-07-01 00:00:00+00
,27122,Redd,1030,000000000005,4620,New Jersey State Senate,Democrat,1,Dana,2363,STATE,2010-01-05 00:00:00+00,#,UPPER,NJ,2012-01-10 00:00:00+00
,199147,Van Drew,2554,000000000001,4615,New Jersey State Senate,Democrat,1,Jeff,2363,STATE,2012-01-10 00:00:00+00,#,UPPER,NJ,2022-01-11 00:00:00+00
,12737,Mosquera,12737,000000000004,10830,New Jersey General Assembly,Democrat,2,Gabriela ,4411,STATE,2012-01-10 00:00:00+00,#,LOWER,NJ,2012-03-05 00:00:00+00
,161407,Rumana,16233,000000000040,10866,New Jersey General Assembly,Republican,2,Scott,4411,STATE,2012-01-10 00:00:00+00,#,LOWER,NJ,2016-11-01 00:00:00+00
Paterson,201001,Mimms,201001,At Large,858475,Paterson City Council,,1,Lillisa,4618,LOCAL,2018-07-01 00:00:00+00,#,LOWER,NJ,2022-07-01 00:00:00+00
,11570,Pou,11570,000000000035,10861,New Jersey General Assembly,Democrat,2,Nellie,4411,STATE,2012-01-10 00:00:00+00,#,LOWER,NJ,0001-01-02 00:00:00+00
Edison,177376,Shah,173884,At Large,859203,Edison Township Council,,1,Sapana,4341,LOCAL,2013-12-31 00:00:00+00,#,LOWER,NJ,2017-12-31 00:00:00+00
,121771,Garcia,67110,000000000033,10859,New Jersey General Assembly,Democrat,2,Carmelo,4411,STATE,2014-01-14 00:00:00+00,#,LOWER,NJ,2016-01-12 00:00:00+00
,196133,Bramnick,14237,000000000021,10847,New Jersey General Assembly,Republican,2,Jon,4411,STATE,2012-01-10 00:00:00+00,#,LOWER,NJ,2020-01-14 00:00:00+00
,27242,VACANT,6957,000000000010,1483,United States House of Representatives,,0,VACANT,4507,NATIONAL,2012-03-06 00:00:00+00,#,LOWER,NJ,2012-11-15 00:00:00+00
,196182,Karabinchak,129183,000000000018,10844,New Jersey General Assembly,Democrat,2,Robert,4411,STATE,2016-05-27 00:00:00+00,#,LOWER,NJ,2020-01-14 00:00:00+00
,194117,Maher Muoio,109966,000000000015,10841,New Jersey General Assembly,Democrat,2,Elizabeth,4411,STATE,2015-02-05 00:00:00+00,#,LOWER,NJ,2018-01-15 00:00:00+00
,12418,Fisher,12418,000000000003,10829,New Jersey General Assembly,Democrat,2,Douglas,4411,STATE,2010-01-12 00:00:00+00,#,LOWER,NJ,2010-01-12 00:00:00+00
,129184,VACANT,128548,000000000018,10844,New Jersey General Assembly,,2,VACANT,4411,STATE,2016-05-10 00:00:00+00,#,LOWER,NJ,2016-05-27 00:00:00+00
,198738,Eustace,16259,000000000038,10864,New Jersey General Assembly,Democrat,2,Tim,4411,STATE,2012-01-10 00:00:00+00,#,LOWER,NJ,2018-04-12 00:00:00+00
,200564,Jones,121693,000000000005,10831,New Jersey General Assembly,Democrat,2,Patricia,4411,STATE,2016-01-12 00:00:00+00,#,LOWER,NJ,2020-01-14 00:00:00+00
,92914,Runyan,2821,000000000003,757331,United States House of Representatives,Republican,1,Jon,4507,NATIONAL,2013-01-03 00:00:00+00,#,LOWER,NJ,2015-01-06 00:00:00+00
,12194,Greenstein,12194,000000000014,10840,New Jersey General Assembly,Democrat,2,Linda,4411,STATE,2008-01-01 00:00:00+00,#,LOWER,NJ,2010-12-06 00:00:00+00
,196289,Quijano,1094,000000000020,10846,New Jersey General Assembly,Democrat,2,Annette,4411,STATE,2012-01-10 00:00:00+00,#,LOWER,NJ,2020-01-14 00:00:00+00
,196072,O'Scanlon,407,000000000013,4629,New Jersey State Senate,Republican,1,Declan,2363,STATE,2018-01-09 00:00:00+00,171116,UPPER,NJ,2022-01-11 00:00:00+00
,186564,Smith,5000,000000000004,757332,United States House of Representatives,Republican,1,Christopher,4507,NATIONAL,2013-01-03 00:00:00+00,#,LOWER,NJ,2019-01-03 00:00:00+00
,196080,Bateman,8326,000000000016,4632,New Jersey State Senate,Republican,1,Christopher,2363,STATE,2012-01-10 00:00:00+00,#,UPPER,NJ,2022-01-11 00:00:00+00
Edison,192101,Sendelsky,173885,At Large,859203,Edison Township Council,,1,Leonard,4341,LOCAL,2015-12-31 00:00:00+00,#,LOWER,NJ,2019-12-31 00:00:00+00
,168058,Russo,4178,000000000040,10866,New Jersey General Assembly,Republican,2,David,4411,STATE,2012-01-10 00:00:00+00,#,LOWER,NJ,2018-01-09 00:00:00+00
Jersey City,5556,Lipski,5556,C,2314,Jersey City City Council,,1,Steven,4225,LOCAL,2005-07-01 00:00:00+00,#,LOWER,NJ,2009-06-30 00:00:00+00
Atlantic City,192077,Kurtz,123037,000000000006,1580,Atlantic City Council,Republican,1,Jesse,1620,LOCAL,2016-01-01 00:00:00+00,#,LOWER,NJ,2020-01-01 00:00:00+00
,196140,Chiaravalloti,121764,000000000031,10857,New Jersey General Assembly,Democrat,2,Nicholas,4411,STATE,2016-01-12 00:00:00+00,#,LOWER,NJ,2020-01-14 00:00:00+00
,196131,Barclay,121694,000000000005,10831,New Jersey General Assembly,Democrat,2,Arthur,4411,STATE,2016-01-12 00:00:00+00,#,LOWER,NJ,2020-01-14 00:00:00+00
,121721,Casagrande,4437,000000000011,10837,New Jersey General Assembly,Republican,2,Caroline ,4411,STATE,2012-01-10 00:00:00+00,#,LOWER,NJ,2016-01-12 00:00:00+00
,196092,Rice,10914,000000000028,4646,New Jersey State Senate,Democrat,1,Ronald,2363,STATE,2012-01-10 00:00:00+00,#,UPPER,NJ,2022-01-11 00:00:00+00
,3097,Cohen,3097,000000000020,10846,New Jersey General Assembly,Democrat,2,Neil,4411,STATE,0001-01-01 00:00:00+00,#,LOWER,NJ,2010-01-12 00:00:00+00
Jersey City,178667,Gajewski,69702,A,1963,Jersey City City Council,,1,Frank,4225,LOCAL,2013-07-01 00:00:00+00,#,LOWER,NJ,2018-01-01 00:00:00+00
,180287,VACANT,180286,000000000002,4616,New Jersey State Senate,,1,VACANT,2363,STATE,2017-08-22 00:00:00+00,#,UPPER,NJ,2017-10-05 00:00:00+00
,21172,Andrews,12890,000000000001,1499,United States House of Representatives,Democrat,0,Robert,4507,NATIONAL,2011-01-03 00:00:00+00,#,LOWER,NJ,2013-01-03 00:00:00+00
,196071,Thompson,12528,000000000012,4627,New Jersey State Senate,Republican,1,Samuel,2363,STATE,2012-01-10 00:00:00+00,#,UPPER,NJ,2022-01-11 00:00:00+00
Jersey City,178640,VACANT,178640,F,2347,Jersey City City Council,,1,VACANT,4225,LOCAL,2016-12-31 00:00:00+00,#,LOWER,NJ,2017-01-21 00:00:00+00
Jersey City,141700,Hallanan,129086,B,2306,Jersey City City Council,,1,John,4225,LOCAL,2016-06-02 00:00:00+00,#,LOWER,NJ,2016-11-21 00:00:00+00
,196081,Smith,12869,000000000017,4633,New Jersey State Senate,Democrat,1,Bob,2363,STATE,2012-01-10 00:00:00+00,#,UPPER,NJ,2022-01-11 00:00:00+00
,196142,Conaway,17729,000000000007,10833,New Jersey General Assembly,Democrat,2,Herb,4411,STATE,2012-01-10 00:00:00+00,#,LOWER,NJ,2020-01-14 00:00:00+00
,196106,Cardinale,7281,000000000039,4658,New Jersey State Senate,Republican,1,Gerald,2363,STATE,2012-01-10 00:00:00+00,#,UPPER,NJ,2022-01-11 00:00:00+00
,196141,Clifton,17117,000000000012,10838,New Jersey General Assembly,Republican,2,Robert,4411,STATE,2012-01-10 00:00:00+00,#,LOWER,NJ,2020-01-14 00:00:00+00
,90280,Albano,9530,000000000001,10827,New Jersey General Assembly,Democrat,2,Nelson,4411,STATE,2012-01-10 00:00:00+00,#,LOWER,NJ,2014-01-14 00:00:00+00
,196296,Space,63043,000000000024,10850,New Jersey General Assembly,Republican,2,Parker,4411,STATE,2013-02-23 00:00:00+00,#,LOWER,NJ,2020-01-14 00:00:00+00
,121697,Wilson,4954,000000000005,10831,New Jersey General Assembly,Democrat,2,Gilbert,4411,STATE,2012-01-10 00:00:00+00,#,LOWER,NJ,2016-01-12 00:00:00+00
,196176,Jimenez,15396,000000000032,10858,New Jersey General Assembly,Democrat,2,Angelica,4411,STATE,2012-01-10 00:00:00+00,#,LOWER,NJ,2020-01-14 00:00:00+00
,6203,Ferguson,6203,000000000007,1485,United States House of Representatives,Republican,0,Michael,4507,NATIONAL,2007-01-04 00:00:00+00,#,LOWER,NJ,2009-01-03 00:00:00+00
,196300,Taliaferro,121688,000000000003,10829,New Jersey General Assembly,Democrat,2,Adam,4411,STATE,2015-01-14 00:00:00+00,#,LOWER,NJ,2020-01-14 00:00:00+00
Edison,192102,Lombardi,173880,At Large,859203,Edison Township Council,,1,Michael,4341,LOCAL,2015-12-31 00:00:00+00,#,LOWER,NJ,2019-12-31 00:00:00+00
Newark,200991,Ramos,173940,North,858897,Newark City Council,,1,Anibal,4564,LOCAL,2014-07-01 00:00:00+00,#,LOWER,NJ,2022-07-01 00:00:00+00
,129182,VACANT,127722,000000000018,4634,New Jersey State Senate,,1,VACANT,2363,STATE,2016-04-25 00:00:00+00,#,UPPER,NJ,2016-05-10 00:00:00+00
,171116,O'Scanlon,407,000000000013,10839,New Jersey General Assembly,Republican,2,Declan,4411,STATE,2012-01-10 00:00:00+00,196072,LOWER,NJ,2018-01-09 00:00:00+00
Paterson,176929,Morris,174022,At Large,858475,Paterson City Council,,1,Kenneth,4618,LOCAL,2012-03-05 00:00:00+00,#,LOWER,NJ,2020-07-01 00:00:00+00
,12069,Van Pelt,12069,000000000009,10835,New Jersey General Assembly,Republican,2,Daniel,4411,STATE,0001-01-01 00:00:00+00,#,LOWER,NJ,2009-07-31 00:00:00+00
,196194,Mosquera,14176,000000000004,10830,New Jersey General Assembly,Democrat,2,Gabriela,4411,STATE,2012-03-05 00:00:00+00,#,LOWER,NJ,2020-01-14 00:00:00+00
,8680,Scalera,8680,000000000036,10862,New Jersey General Assembly,Democrat,2,Frederick,4411,STATE,2010-01-12 00:00:00+00,#,LOWER,NJ,2010-11-29 00:00:00+00
,196086,Scutari,11663,000000000022,4639,New Jersey State Senate,Democrat,1,Nicholas,2363,STATE,2012-01-10 00:00:00+00,#,UPPER,NJ,2022-01-11 00:00:00+00
,133852,VACANT,133839,000000000029,10855,New Jersey General Assembly,,2,VACANT,4411,STATE,2016-07-02 00:00:00+00,#,LOWER,NJ,2016-07-21 00:00:00+00
,196107,Corrado,180292,000000000040,4659,New Jersey State Senate,Republican,1,Kristin,2363,STATE,2017-10-05 00:00:00+00,#,UPPER,NJ,2022-01-11 00:00:00+00
,27120,Karrow,3306,000000000023,10849,New Jersey General Assembly,Republican,2,Marcia,4411,STATE,2009-02-09 00:00:00+00,#,LOWER,NJ,2010-01-12 00:00:00+00
,179017,Guadagno,13368,NJ,533,New Jersey Lieutenant Governor,Republican,2,Kimberly,2580,STATE,2010-01-19 00:00:00+00,#,EXEC,NJ,2018-01-15 00:00:00+00
,12122,Vandervalk,12122,000000000039,10865,New Jersey General Assembly,Republican,2,Charlotte,4411,STATE,2012-01-10 00:00:00+00,#,LOWER,NJ,0001-01-02 00:00:00+00
,196095,Singer,15662,000000000030,4648,New Jersey State Senate,Republican,1,Robert,2363,STATE,2012-01-10 00:00:00+00,#,UPPER,NJ,2022-01-11 00:00:00+00
,111870,VACANT,56031,NJ,47,United States Senate,,2,VACANT,2675,NATIONAL,2013-06-03 00:00:00+00,#,UPPER,NJ,2013-06-10 00:00:00+00
,188880,Menendez,7873,NJ,47,United States Senate,Democrat,2,Robert,2675,NATIONAL,2007-01-03 00:00:00+00,#,UPPER,NJ,2019-01-03 00:00:00+00
,196143,Coughlin,8893,000000000019,10845,New Jersey General Assembly,Democrat,2,Craig,4411,STATE,2012-01-10 00:00:00+00,#,LOWER,NJ,2020-01-14 00:00:00+00
Elizabeth,195714,Torres,174884,1,858446,Elizabeth City Council,,1,Carlos,4383,LOCAL,2015-01-01 00:00:00+00,#,LOWER,NJ,2019-01-01 00:00:00+00
Paterson,176921,Jackson,174008,1,858852,Paterson City Council,,1,Michael,4618,LOCAL,2015-11-03 00:00:00+00,#,LOWER,NJ,2018-07-01 00:00:00+00
,196158,Giblin,900,000000000034,10860,New Jersey General Assembly,Democrat,2,Thomas,4411,STATE,2012-01-10 00:00:00+00,#,LOWER,NJ,2020-01-14 00:00:00+00
,159805,Watson Coleman,11387,000000000012,757340,United States House of Representatives,Democrat,1,Bonnie,4507,NATIONAL,2015-01-06 00:00:00+00,109964,LOWER,NJ,2019-01-03 00:00:00+00
,121750,McHose,10564,000000000024,10850,New Jersey General Assembly,Republican,2,Alison,4411,STATE,2012-01-10 00:00:00+00,#,LOWER,NJ,2016-01-12 00:00:00+00
,200263,Lagana,67126,000000000038,4657,New Jersey State Senate,Democrat,1,Joseph,2363,STATE,2018-04-12 00:00:00+00,198734,UPPER,NJ,2022-01-11 00:00:00+00
,180295,Rible,4657,000000000030,10856,New Jersey General Assembly,Republican,2,David,4411,STATE,2012-01-10 00:00:00+00,#,LOWER,NJ,2017-07-17 00:00:00+00
Elizabeth,195711,Kiniery,174880,3,858443,Elizabeth City Council,,1,Kevin,4383,LOCAL,2015-01-01 00:00:00+00,#,LOWER,NJ,2019-01-01 00:00:00+00
,12604,Adler,12604,000000000003,1496,United States House of Representatives,Democrat,0,John,4507,NATIONAL,2009-01-03 00:00:00+00,#,LOWER,NJ,2011-01-03 00:00:00+00
Jersey City,195106,Robinson,178643,F,2347,Jersey City City Council,,1,Jermaine,4225,LOCAL,2017-01-21 00:00:00+00,#,LOWER,NJ,2022-01-01 00:00:00+00
,9002,Malone,9002,000000000030,10856,New Jersey General Assembly,Republican,2,Joseph,4411,STATE,2012-01-10 00:00:00+00,#,LOWER,NJ,0001-01-02 00:00:00+00
,199454,Sarlo,7516,000000000036,4655,New Jersey State Senate,Democrat,1,Paul,2363,STATE,2012-01-10 00:00:00+00,#,UPPER,NJ,2022-01-11 00:00:00+00
Paterson,201000,Sayegh,174018,6,858495,Paterson City Council,,1,Andre,4618,LOCAL,2012-03-05 00:00:00+00,#,LOWER,NJ,2022-07-01 00:00:00+00
Elizabeth,195706,Cuesta,174876,At Large,858472,Elizabeth City Council,,1,Frank,4383,LOCAL,2012-02-05 00:00:00+00,#,LOWER,NJ,2021-01-01 00:00:00+00
,196155,Egan,11930,000000000017,10843,New Jersey General Assembly,Democrat,2,Joseph,4411,STATE,2012-01-10 00:00:00+00,#,LOWER,NJ,2020-01-14 00:00:00+00
,56030,Lautenberg,16696,NJ,47,United States Senate,Democrat,2,Frank,2675,NATIONAL,2009-01-03 00:00:00+00,#,UPPER,NJ,2013-06-03 00:00:00+00
,70069,Andrews,12890,000000000001,757329,United States House of Representatives,Democrat,1,Robert,4507,NATIONAL,2013-01-03 00:00:00+00,#,LOWER,NJ,2014-02-18 00:00:00+00
,196329,Timberlake,183812,000000000034,10860,New Jersey General Assembly,Democrat,2,Britnee,4411,STATE,2018-01-29 00:00:00+00,#,LOWER,NJ,2018-11-30 00:00:00+00
,196269,Peterson,16095,000000000023,10849,New Jersey General Assembly,Republican,2,Erik,4411,STATE,2012-01-10 00:00:00+00,#,LOWER,NJ,2020-01-14 00:00:00+00
,10313,Holzapfel,10313,000000000010,10836,New Jersey General Assembly,Republican,2,James,4411,STATE,2012-01-10 00:00:00+00,#,LOWER,NJ,0001-01-02 00:00:00+00
,159788,Norcross,11762,000000000001,757329,United States House of Representatives,Democrat,1,Donald,4507,NATIONAL,2014-11-12 00:00:00+00,82518,LOWER,NJ,2019-01-03 00:00:00+00
,196062,Holzapfel,10756,000000000010,4625,New Jersey State Senate,Republican,1,James,2363,STATE,2012-01-10 00:00:00+00,#,UPPER,NJ,2022-01-11 00:00:00+00
Atlantic City,192082,Randolph,4738,000000000001,364,Atlantic City Council,Democrat,1,Aaron,1620,LOCAL,2012-01-01 00:00:00+00,#,LOWER,NJ,2020-01-01 00:00:00+00
,186808,Phoebus,121743,000000000024,10850,New Jersey General Assembly,Republican,2,Gail,4411,STATE,2016-01-12 00:00:00+00,#,LOWER,NJ,2018-01-09 00:00:00+00
,196279,Prieto,12801,000000000032,10858,New Jersey General Assembly,Democrat,2,Vincent,4411,STATE,2012-01-10 00:00:00+00,#,LOWER,NJ,2018-02-25 00:00:00+00
,198742,VACANT,196280,000000000032,10858,New Jersey General Assembly,,2,VACANT,4411,STATE,2018-02-25 00:00:00+00,#,LOWER,NJ,2018-04-01 00:00:00+00
,198700,Green,6204,000000000022,10848,New Jersey General Assembly,Democrat,2,Jerry,4411,STATE,2012-01-10 00:00:00+00,#,LOWER,NJ,2018-04-18 00:00:00+00
Atlantic City,123041,Moore,16748,000000000003,864,Atlantic City Council,Democrat,1,Steven,1620,LOCAL,2012-01-02 00:00:00+00,#,LOWER,NJ,2016-01-01 00:00:00+00
Atlantic City,178121,Guardian,123032,ATLANTIC CITY,128,Atlantic City Mayor,Republican,1,Donald,358,LOCAL,2014-01-01 00:00:00+00,#,EXEC,NJ,2018-01-01 00:00:00+00
,121687,VACANT,121685,000000000003,10829,New Jersey General Assembly,,2,VACANT,4411,STATE,2015-01-02 00:00:00+00,#,LOWER,NJ,2015-01-14 00:00:00+00
,12040,Sires,12040,000000000013,1480,United States House of Representatives,Democrat,0,Albio,4507,NATIONAL,2011-01-04 00:00:00+00,#,LOWER,NJ,2013-01-03 00:00:00+00
,196157,Freiman,183569,000000000016,10842,New Jersey General Assembly,Democrat,2,Roy,4411,STATE,2018-01-09 00:00:00+00,#,LOWER,NJ,2020-01-14 00:00:00+00
,196331,Vainieri Huttle,3019,000000000037,10863,New Jersey General Assembly,Democrat,2,Valerie,4411,STATE,2012-01-10 00:00:00+00,#,LOWER,NJ,2020-01-14 00:00:00+00
,181997,Allen,4256,000000000007,4622,New Jersey State Senate,Republican,1,Diane,2363,STATE,2012-01-10 00:00:00+00,#,UPPER,NJ,2018-01-09 00:00:00+00
,196672,Payne,23218,000000000010,757338,United States House of Representatives,Democrat,1,Donald,4507,NATIONAL,2013-01-03 00:00:00+00,#,LOWER,NJ,2019-01-03 00:00:00+00
Atlantic City,182904,Gilliam,5972,At Large,2007,Atlantic City Council,,3,Frank,1620,LOCAL,2010-01-01 00:00:00+00,200376,LOWER,NJ,2018-01-01 00:00:00+00
,181992,Bell,180284,000000000002,4616,New Jersey State Senate,Democrat,1,Colin,2363,STATE,2017-10-05 00:00:00+00,#,UPPER,NJ,2018-01-09 00:00:00+00
Newark,200994,Crump,173934,At Large,858595,Newark City Council,,1,Mildred,4564,LOCAL,2014-07-01 00:00:00+00,#,LOWER,NJ,2022-07-01 00:00:00+00
,18231,Thompson,18231,000000000013,10839,New Jersey General Assembly,Republican,2,Samuel,4411,STATE,2012-01-10 00:00:00+00,#,LOWER,NJ,0001-01-02 00:00:00+00
,196339,Reynolds-Jackson,194119,000000000015,10841,New Jersey General Assembly,Democrat,2,Verlina,4411,STATE,2018-02-15 00:00:00+00,#,LOWER,NJ,2020-01-14 00:00:00+00
,196161,Greenwald,16155,000000000006,10832,New Jersey General Assembly,Democrat,2,Louis,4411,STATE,2012-01-10 00:00:00+00,#,LOWER,NJ,2020-01-14 00:00:00+00
,196100,Pou,3064,000000000035,4654,New Jersey State Senate,Democrat,1,Nellie,2363,STATE,2012-01-10 00:00:00+00,#,UPPER,NJ,2022-01-11 00:00:00+00
Atlantic City,9364,Schultz,9364,At Large,2007,Atlantic City Council,,3,John,1620,LOCAL,0001-01-01 00:00:00+00,#,LOWER,NJ,0001-01-02 00:00:00+00
,196330,Tucker,11625,000000000028,10854,New Jersey General Assembly,Democrat,2,Cleopatra,4411,STATE,2012-01-10 00:00:00+00,#,LOWER,NJ,2020-01-14 00:00:00+00
Newark,200993,McIver,200993,Central,858716,Newark City Council,,1,LaMonica,4564,LOCAL,2018-07-01 00:00:00+00,#,LOWER,NJ,2022-07-01 00:00:00+00
Atlantic City,14797,Robinson,14797,At Large,2007,Atlantic City Council,,3,Eugene,1620,LOCAL,0001-01-01 00:00:00+00,#,LOWER,NJ,0001-01-02 00:00:00+00
Atlantic City,200376,Gilliam,5972,ATLANTIC CITY,128,Atlantic City Mayor,Democrat,1,Frank,358,LOCAL,2018-01-01 00:00:00+00,182904,EXEC,NJ,2022-01-01 00:00:00+00
,11350,Ryan,11350,000000000036,10862,New Jersey General Assembly,Democrat,2,Kevin,4411,STATE,2012-01-10 00:00:00+00,#,LOWER,NJ,0001-01-02 00:00:00+00
,196167,Houghtaling,121717,000000000011,10837,New Jersey General Assembly,Democrat,2,Eric,4411,STATE,2016-01-12 00:00:00+00,#,LOWER,NJ,2020-01-14 00:00:00+00
Paterson,198796,Williams-Warren,198796,PATERSON,859089,Paterson Mayor,,1,Jane,4579,LOCAL,2017-10-02 00:00:00+00,#,EXEC,NJ,2018-07-01 00:00:00+00
Jersey City,129084,Ramchal,69703,B,2306,Jersey City City Council,,1,Khemraj,4225,LOCAL,2013-07-01 00:00:00+00,#,LOWER,NJ,2016-05-01 00:00:00+00
,161409,VACANT,161409,000000000040,10866,New Jersey General Assembly,,2,VACANT,4411,STATE,2016-11-01 00:00:00+00,#,LOWER,NJ,2016-12-12 00:00:00+00
Atlantic City,192080,Shabazz,123035,000000000003,864,Atlantic City Council,Democrat,1,Kaleem,1620,LOCAL,2016-01-01 00:00:00+00,#,LOWER,NJ,2020-01-01 00:00:00+00
,198743,Mejia,198741,000000000032,10858,New Jersey General Assembly,Democrat,2,Pedro,4411,STATE,2018-04-01 00:00:00+00,#,LOWER,NJ,2020-01-14 00:00:00+00
,196097,Sacco,5756,000000000032,4651,New Jersey State Senate,Democrat,1,Nicholas,2363,STATE,2012-01-10 00:00:00+00,#,UPPER,NJ,2022-01-11 00:00:00+00
,196171,Howarth,121699,000000000008,10834,New Jersey General Assembly,Republican,2,Joe,4411,STATE,2016-01-12 00:00:00+00,#,LOWER,NJ,2020-01-14 00:00:00+00
,78349,Chivukula,7852,000000000017,10843,New Jersey General Assembly,Democrat,2,Upendra,4411,STATE,2012-01-10 00:00:00+00,#,LOWER,NJ,2014-10-16 00:00:00+00
,196130,Andrzejczak,62973,000000000001,10827,New Jersey General Assembly,Democrat,2,Bob,4411,STATE,2013-03-21 00:00:00+00,#,LOWER,NJ,2020-01-14 00:00:00+00
,17415,Saxton,17415,000000000003,1496,United States House of Representatives,Republican,0,Hugh,4507,NATIONAL,0001-01-01 00:00:00+00,#,LOWER,NJ,2009-01-03 00:00:00+00
,196188,Lopez,183570,000000000019,10845,New Jersey General Assembly,Democrat,2,Yvonne,4411,STATE,2018-01-09 00:00:00+00,#,LOWER,NJ,2020-01-14 00:00:00+00
Newark,200990,Baraka,173947,At Large,858595,Newark Mayor,,1,Ras,4563,LOCAL,2014-07-01 00:00:00+00,#,EXEC,NJ,2022-07-01 00:00:00+00
,197449,Pennacchio,14057,000000000026,4644,New Jersey State Senate,Republican,1,Joseph,2363,STATE,2012-01-10 00:00:00+00,#,UPPER,NJ,2022-01-11 00:00:00+00
,121767,O'Donnell,13401,000000000031,10857,New Jersey General Assembly,Democrat,2,Jason,4411,STATE,2012-01-10 00:00:00+00,#,LOWER,NJ,2016-01-12 00:00:00+00
,1930,Rooney,1930,000000000039,10865,New Jersey General Assembly,Republican,2,John,4411,STATE,0001-01-01 00:00:00+00,#,LOWER,NJ,2010-01-12 00:00:00+00
Woodbridge,177187,Dalina,173599,2,858730,Woodbridge Township Council,,1,Richard,4297,LOCAL,2014-01-01 00:00:00+00,#,LOWER,NJ,2018-01-01 00:00:00+00
,200245,Pallone,3901,000000000006,757334,United States House of Representatives,Democrat,1,Frank,4507,NATIONAL,2013-01-03 00:00:00+00,#,LOWER,NJ,2019-01-03 00:00:00+00
Paterson,176922,Khalique,174010,2,858851,Paterson City Council,,1,Shahin,4618,LOCAL,2016-07-01 00:00:00+00,#,LOWER,NJ,2020-07-01 00:00:00+00
,196293,Rumpf,13294,000000000009,10835,New Jersey General Assembly,Republican,2,Brian,4411,STATE,2012-01-10 00:00:00+00,#,LOWER,NJ,2020-01-14 00:00:00+00
Elizabeth,195708,Grova,174878,At Large,858472,Elizabeth City Council,,1,Manny,4383,LOCAL,2012-02-05 00:00:00+00,#,LOWER,NJ,2021-01-01 00:00:00+00
,121720,Angelini,12415,000000000011,10837,New Jersey General Assembly,Republican,2,Mary Pat,4411,STATE,2012-01-10 00:00:00+00,#,LOWER,NJ,2016-01-12 00:00:00+00
,196099,Gill,11363,000000000034,4653,New Jersey State Senate,Democrat,1,Nia,2363,STATE,2012-01-10 00:00:00+00,#,UPPER,NJ,2022-01-11 00:00:00+00
,196132,Benson,10173,000000000014,10840,New Jersey General Assembly,Democrat,2,Daniel,4411,STATE,2012-01-10 00:00:00+00,#,LOWER,NJ,2020-01-14 00:00:00+00
,196088,Oroho,16210,000000000024,4641,New Jersey State Senate,Republican,1,Steven,2363,STATE,2012-01-10 00:00:00+00,#,UPPER,NJ,2022-01-11 00:00:00+00
Atlantic City,123043,Mancuso,14649,000000000006,1580,Atlantic City Council,Democrat,1,Timothy,1620,LOCAL,2012-01-02 00:00:00+00,#,LOWER,NJ,2016-01-01 00:00:00+00
,13313,Adler,13313,000000000006,4621,New Jersey State Senate,Democrat,1,John,2363,STATE,0001-01-01 00:00:00+00,#,UPPER,NJ,2012-01-10 00:00:00+00
,186616,Rodriguez-Gregg,67064,000000000008,10834,New Jersey General Assembly,Republican,2,Maria,4411,STATE,2014-01-14 00:00:00+00,#,LOWER,NJ,2018-01-09 00:00:00+00
,196301,Thomson,180297,000000000030,10856,New Jersey General Assembly,Republican,2,Edward,4411,STATE,2017-08-24 00:00:00+00,#,LOWER,NJ,2020-01-14 00:00:00+00
,196187,Land,121680,000000000001,10827,New Jersey General Assembly,Democrat,2,R.,4411,STATE,2016-01-12 00:00:00+00,#,LOWER,NJ,2020-01-14 00:00:00+00
,198701,VACANT,198701,000000000022,10848,New Jersey General Assembly,,2,VACANT,4411,STATE,2018-04-18 00:00:00+00,#,LOWER,NJ,
Paterson,176924,Cotton,174013,4,858977,Paterson City Council,,1,Ruby,4618,LOCAL,2012-07-01 00:00:00+00,#,LOWER,NJ,2020-07-01 00:00:00+00
Newark,200999,McCallum,173942,West,858906,Newark City Council,,1,Joseph,4564,LOCAL,2014-07-01 00:00:00+00,#,LOWER,NJ,2022-07-01 00:00:00+00
,196186,Lampitt,8961,000000000006,10832,New Jersey General Assembly,Democrat,2,Pamela,4411,STATE,2012-01-10 00:00:00+00,#,LOWER,NJ,2020-01-14 00:00:00+00
Atlantic City,192081,Small,16482,000000000002,615,Atlantic City Council,Democrat,1,Marty,1620,LOCAL,2012-01-01 00:00:00+00,#,LOWER,NJ,2020-01-01 00:00:00+00
,7525,VACANT,7525,000000000033,10859,New Jersey General Assembly,,2,VACANT,4411,STATE,2012-01-10 00:00:00+00,#,LOWER,NJ,0001-01-01 00:00:00+00
,196192,McKnight,121765,000000000031,10857,New Jersey General Assembly,Democrat,2,Angela,4411,STATE,2016-01-12 00:00:00+00,#,LOWER,NJ,2020-01-14 00:00:00+00
,196265,Munoz,3297,000000000021,10847,New Jersey General Assembly,Republican,2,Nancy,4411,STATE,2012-01-10 00:00:00+00,#,LOWER,NJ,2020-01-14 00:00:00+00
,6445,VACANT,6445,000000000007,10833,New Jersey General Assembly,,2,VACANT,4411,STATE,2012-01-10 00:00:00+00,#,LOWER,NJ,2012-01-14 00:00:00+00
,196335,Wolfe,1342,000000000010,10836,New Jersey General Assembly,Republican,2,David,4411,STATE,2012-01-10 00:00:00+00,#,LOWER,NJ,2020-01-14 00:00:00+00
,194127,VACANT,194122,000000000036,10862,New Jersey General Assembly,,2,VACANT,4411,STATE,2018-01-16 00:00:00+00,#,LOWER,NJ,2018-02-08 00:00:00+00
,159804,Frelinghuysen,13343,000000000011,757339,United States House of Representatives,Republican,1,Rodney,4507,NATIONAL,2013-01-03 00:00:00+00,#,LOWER,NJ,2019-01-03 00:00:00+00
,196267,Murphy,183546,000000000007,10833,New Jersey General Assembly,Democrat,2,Carol,4411,STATE,2018-01-09 00:00:00+00,#,LOWER,NJ,2020-01-14 00:00:00+00
Jersey City,197146,Prinz-Arey,189464,B,2306,Jersey City City Council,,1,Mira,4225,LOCAL,2018-01-01 00:00:00+00,#,LOWER,NJ,2022-01-01 00:00:00+00
,121747,Stender,7559,000000000022,10848,New Jersey General Assembly,Democrat,2,Linda,4411,STATE,2012-01-10 00:00:00+00,#,LOWER,NJ,2016-01-12 00:00:00+00
Atlantic City,192076,Delgado,5555,At Large,2007,Atlantic City Council,,3,Moisse,1620,LOCAL,2010-01-01 00:00:00+00,#,LOWER,NJ,2022-01-01 00:00:00+00
Newark,200997,Quintana,173937,At Large,858595,Newark City Council,,1,Lus,4564,LOCAL,2014-07-01 00:00:00+00,#,LOWER,NJ,2022-07-01 00:00:00+00
,196154,Downey,121718,000000000011,10837,New Jersey General Assembly,Democrat,2,Joann,4411,STATE,2016-01-12 00:00:00+00,#,LOWER,NJ,2020-01-14 00:00:00+00
,186295,Pascrell,15380,000000000009,757337,United States House of Representatives,Democrat,1,William,4507,NATIONAL,2013-01-03 00:00:00+00,#,LOWER,NJ,2019-01-03 00:00:00+00
Jersey City,194226,Rivera,69701,At Large,2131,Jersey City City Council,,3,Daniel,4225,LOCAL,2013-07-01 00:00:00+00,#,LOWER,NJ,2022-01-01 00:00:00+00
,182010,Lesniak,5691,000000000020,4636,New Jersey State Senate,Democrat,1,Raymond,2363,STATE,2012-01-10 00:00:00+00,#,UPPER,NJ,2018-01-09 00:00:00+00
,183877,MacArthur,86369,000000000003,757331,United States House of Representatives,Republican,1,Tom,4507,NATIONAL,2015-01-06 00:00:00+00,#,LOWER,NJ,2019-01-03 00:00:00+00
Jersey City,194224,Lavarro,69699,At Large,2131,Jersey City City Council,,3,Rolando,4225,LOCAL,2013-07-01 00:00:00+00,#,LOWER,NJ,2022-01-01 00:00:00+00
Elizabeth,195710,Gallman,174882,5,858441,Elizabeth City Council,,1,William,4383,LOCAL,2015-01-01 00:00:00+00,#,LOWER,NJ,2019-01-01 00:00:00+00
Atlantic City,197120,Fauntleroy,182908,At Large,2007,Atlantic City Council,,3,Jeffree,1620,LOCAL,2018-01-01 00:00:00+00,#,LOWER,NJ,2022-01-01 00:00:00+00
Woodbridge,197123,Bauer,182762,2,858730,Woodbridge Township Council,Democrat,1,Harold,4297,LOCAL,2018-01-01 00:00:00+00,#,LOWER,NJ,2022-01-01 00:00:00+00
Jersey City,178639,Coleman,69707,F,2347,Jersey City City Council,,1,Diane,4225,LOCAL,2013-07-01 00:00:00+00,#,LOWER,NJ,2016-12-31 00:00:00+00
,196914,Oliver,15033,NJ,533,New Jersey Lieutenant Governor,Democrat,2,Sheila,2580,STATE,2018-01-15 00:00:00+00,183811,EXEC,NJ,2022-01-18 00:00:00+00
,196299,Sumter,16141,000000000035,10861,New Jersey General Assembly,Democrat,2,Shavonda,4411,STATE,2012-01-10 00:00:00+00,#,LOWER,NJ,2020-01-14 00:00:00+00
,200468,DiMaio,10176,000000000023,10849,New Jersey General Assembly,Republican,2,John,4411,STATE,2012-01-10 00:00:00+00,#,LOWER,NJ,2020-01-14 00:00:00+00
,88124,VACANT,70070,000000000001,757329,United States House of Representatives,,1,VACANT,4507,NATIONAL,2014-02-18 00:00:00+00,#,LOWER,NJ,2014-11-12 00:00:00+00
Jersey City,178676,Osborne,69706,E,2334,Jersey City City Council,,1,Candice,4225,LOCAL,2013-07-01 00:00:00+00,#,LOWER,NJ,2018-01-01 00:00:00+00
,180285,Whelan,14637,000000000002,4616,New Jersey State Senate,Democrat,1,Jim,2363,STATE,2012-01-10 00:00:00+00,#,UPPER,NJ,2017-08-22 00:00:00+00
,200342,Chaparro,121768,000000000033,10859,New Jersey General Assembly,Democrat,2,Annette,4411,STATE,2016-01-12 00:00:00+00,#,LOWER,NJ,2020-01-14 00:00:00+00
,196085,Kean,15076,000000000021,4637,New Jersey State Senate,Republican,1,Thomas,2363,STATE,2012-01-10 00:00:00+00,#,UPPER,NJ,2022-01-11 00:00:00+00
,196089,Bucco,7147,000000000025,4642,New Jersey State Senate,Republican,1,Anthony,2363,STATE,2012-01-10 00:00:00+00,#,UPPER,NJ,2022-01-11 00:00:00+00
,121740,Cryan,973,000000000020,10846,New Jersey General Assembly,Democrat,2,Joseph,4411,STATE,2012-01-10 00:00:00+00,#,LOWER,NJ,2015-01-21 00:00:00+00
Woodbridge,192112,Spillar,173677,3,858774,Woodbridge Township Council,,1,Cory,4297,LOCAL,2015-08-04 00:00:00+00,#,LOWER,NJ,2022-01-01 00:00:00+00
,198740,VACANT,196103,000000000038,4657,New Jersey State Senate,,1,VACANT,2363,STATE,2018-04-04 00:00:00+00,#,UPPER,NJ,2018-04-12 00:00:00+00
,194123,Caride,12641,000000000036,10862,New Jersey General Assembly,Democrat,2,Marlene,4411,STATE,2012-01-10 00:00:00+00,#,LOWER,NJ,2018-01-16 00:00:00+00
,15928,Quigley,15928,000000000032,10858,New Jersey General Assembly,Democrat,2,Joan,4411,STATE,2012-01-10 00:00:00+00,#,LOWER,NJ,0001-01-02 00:00:00+00
,196166,Holley,121739,000000000020,10846,New Jersey General Assembly,Democrat,2,Jamel,4411,STATE,2015-01-21 00:00:00+00,#,LOWER,NJ,2020-01-14 00:00:00+00
,59,Merkt,59,000000000025,10851,New Jersey General Assembly,Republican,2,Richard,4411,STATE,2010-01-12 00:00:00+00,#,LOWER,NJ,2010-01-12 00:00:00+00
,109965,VACANT,109965,000000000015,10841,New Jersey General Assembly,,2,VACANT,4411,STATE,2015-01-06 00:00:00+00,#,LOWER,NJ,2015-02-05 00:00:00+00
Atlantic City,123042,Malik,93,000000000005,1395,Atlantic City Council,Democrat,1,Rizwan,1620,LOCAL,2012-01-02 00:00:00+00,#,LOWER,NJ,2016-01-01 00:00:00+00
Paterson,176923,McKoy,174012,3,858850,Paterson City Council,,1,William,4618,LOCAL,2012-03-05 00:00:00+00,#,LOWER,NJ,2020-07-01 00:00:00+00
,7194,Casagrande,7194,000000000012,10838,New Jersey General Assembly,Republican,2,Caroline,4411,STATE,2012-01-10 00:00:00+00,#,LOWER,NJ,0001-01-02 00:00:00+00
Atlantic City,178,Mason,178,000000000005,1395,Atlantic City Council,,1,Dennis,1620,LOCAL,0001-01-01 00:00:00+00,#,LOWER,NJ,0001-01-02 00:00:00+00
Jersey City,1943,Spinello,1943,B,2306,Jersey City City Council,,1,Mary,4225,LOCAL,2005-07-01 00:00:00+00,#,LOWER,NJ,2009-06-30 00:00:00+00
Edison,192098,Diehl,173883,At Large,859203,Edison Township Council,,1,Robert,4341,LOCAL,2013-12-31 00:00:00+00,#,LOWER,NJ,2021-12-31 00:00:00+00
Jersey City,48424,Healy,10551,JERSEY CITY,323,Jersey City Mayor,,1,Jerramiah,4227,LOCAL,2009-07-01 00:00:00+00,#,EXEC,NJ,2013-06-30 00:00:00+00
,15267,DiCicco,15267,000000000004,10830,New Jersey General Assembly,Republican,2,Domenick,4411,STATE,2012-01-10 00:00:00+00,#,LOWER,NJ,2012-03-05 00:00:00+00
,90139,VACANT,82520,000000000005,4620,New Jersey State Senate,,1,VACANT,2363,STATE,2014-11-13 00:00:00+00,#,UPPER,NJ,2014-12-15 00:00:00+00
,9042,Kean,9042,000000000011,4626,New Jersey State Senate,Republican,1,Sean,2363,STATE,2012-01-10 00:00:00+00,#,UPPER,NJ,0001-01-02 00:00:00+00
,23217,Payne,17869,000000000010,1483,United States House of Representatives,Democrat,0,Donald,4507,NATIONAL,2011-01-04 00:00:00+00,#,LOWER,NJ,2012-03-06 00:00:00+00
,198735,VACANT,198733,000000000038,10864,New Jersey General Assembly,,2,VACANT,4411,STATE,2018-04-12 00:00:00+00,#,LOWER,NJ,
,196278,Pintor Marin,67109,000000000029,10855,New Jersey General Assembly,Democrat,2,Eliana,4411,STATE,2013-09-11 00:00:00+00,#,LOWER,NJ,2020-01-14 00:00:00+00
,121766,Mainor,8794,000000000031,10857,New Jersey General Assembly,Democrat,2,Charles,4411,STATE,2012-01-10 00:00:00+00,#,LOWER,NJ,2016-01-12 00:00:00+00
Newark,200996,Osborne,173936,At Large,858595,Newark City Council,,1,Eddie,4564,LOCAL,2014-07-01 00:00:00+00,#,LOWER,NJ,2022-07-01 00:00:00+00
,197962,LoBiondo,7217,000000000002,757330,United States House of Representatives,Republican,1,Frank,4507,NATIONAL,2013-01-03 00:00:00+00,#,LOWER,NJ,2019-01-03 00:00:00+00
,196159,Gove,894,000000000009,10835,New Jersey General Assembly,Republican,2,DiAnne,4411,STATE,2012-01-10 00:00:00+00,#,LOWER,NJ,2020-01-14 00:00:00+00
,3661,Holt,3661,000000000012,1488,United States House of Representatives,Democrat,0,Rush,4507,NATIONAL,2009-01-03 00:00:00+00,#,LOWER,NJ,2013-01-03 00:00:00+00
,196098,Stack,4225,000000000033,4652,New Jersey State Senate,Democrat,1,Brian,2363,STATE,2012-01-10 00:00:00+00,#,UPPER,NJ,2022-01-11 00:00:00+00
Jersey City,55912,Fulop,10555,E,2334,Jersey City City Council,,1,Steven,4225,LOCAL,2009-07-01 00:00:00+00,194234,LOWER,NJ,2013-07-01 00:00:00+00
,196093,Ruiz,11599,000000000029,4647,New Jersey State Senate,Democrat,1,M.,2363,STATE,2012-01-10 00:00:00+00,#,UPPER,NJ,2022-01-11 00:00:00+00
Atlantic City,7751,Evans,7751,ATLANTIC CITY,128,Atlantic City Mayor,,1,Scott,358,LOCAL,0001-01-01 00:00:00+00,#,EXEC,NJ,0001-01-02 00:00:00+00
,63031,Ramos,1939,000000000033,10859,New Jersey General Assembly,Democrat,2,Ruben,4411,STATE,2012-01-10 00:00:00+00,#,LOWER,NJ,2014-01-14 00:00:00+00
,175160,Wisniewski,13094,000000000019,10845,New Jersey General Assembly,Democrat,2,John,4411,STATE,2012-01-10 00:00:00+00,#,LOWER,NJ,2018-01-09 00:00:00+00
,196193,Moriarty,15710,000000000004,10830,New Jersey General Assembly,Democrat,2,Paul,4411,STATE,2012-01-10 00:00:00+00,#,LOWER,NJ,2020-01-14 00:00:00+00
,9548,Vas,9548,000000000019,10845,New Jersey General Assembly,Democrat,2,Joseph,4411,STATE,2010-01-12 00:00:00+00,#,LOWER,NJ,2010-01-12 00:00:00+00
,6692,Girgenti,6692,000000000035,4654,New Jersey State Senate,Democrat,1,John,2363,STATE,2012-01-10 00:00:00+00,#,UPPER,NJ,0001-01-02 00:00:00+00
,127723,Barnes,16722,000000000018,4634,New Jersey State Senate,Democrat,1,Peter,2363,STATE,2014-01-14 00:00:00+00,67084,UPPER,NJ,2016-04-25 00:00:00+00
Jersey City,55905,Sottolano,12896,A,1963,Jersey City City Council,,1,Michael,4225,LOCAL,2009-07-01 00:00:00+00,#,LOWER,NJ,2013-07-01 00:00:00+00
Newark,197822,Jenkins,173938,Central,858716,Newark City Council,,1,Gayle,4564,LOCAL,2014-07-01 00:00:00+00,#,LOWER,NJ,2018-07-01 00:00:00+00
,2757,Nardello,2757,000000000008,10834,New Jersey General Assembly,Republican,2,Gerry,4411,STATE,2011-11-21 00:00:00+00,#,LOWER,NJ,2012-01-10 00:00:00+00
Jersey City,199253,Watterman,69700,At Large,2131,Jersey City City Council,,3,Joyce,4225,LOCAL,2013-07-01 00:00:00+00,#,LOWER,NJ,2022-01-01 00:00:00+00
,196298,Speight,183584,000000000029,10855,New Jersey General Assembly,Democrat,2,Shanique,4411,STATE,2018-01-09 00:00:00+00,#,LOWER,NJ,2020-01-14 00:00:00+00
Paterson,201002,Davila,174033,At Large,858475,Paterson City Council,,1,Maritza,4618,LOCAL,2014-07-01 00:00:00+00,#,LOWER,NJ,2022-07-01 00:00:00+00
,196180,Johnson,4416,000000000037,10863,New Jersey General Assembly,Democrat,2,Gordon,4411,STATE,2012-01-10 00:00:00+00,#,LOWER,NJ,2020-01-14 00:00:00+00
,183811,Oliver,15033,000000000034,10860,New Jersey General Assembly,Democrat,2,Sheila,4411,STATE,2012-01-10 00:00:00+00,196914,LOWER,NJ,2018-01-15 00:00:00+00
,128549,Diegnan,11643,000000000018,10844,New Jersey General Assembly,Democrat,2,Patrick,4411,STATE,2012-01-10 00:00:00+00,200343,LOWER,NJ,2016-05-10 00:00:00+00
,63050,Wagner,628,000000000038,10864,New Jersey General Assembly,Democrat,2,Concetta,4411,STATE,2012-01-10 00:00:00+00,#,LOWER,NJ,2014-01-14 00:00:00+00
,196150,DiMaso,183547,000000000013,10839,New Jersey General Assembly,Republican,2,Serena,4411,STATE,2018-01-09 00:00:00+00,#,LOWER,NJ,2020-01-14 00:00:00+00
,196128,Armato,183545,000000000002,10828,New Jersey General Assembly,Democrat,2,John,4411,STATE,2018-01-09 00:00:00+00,#,LOWER,NJ,2020-01-14 00:00:00+00
Jersey City,55909,Donnelly,3855,B,2306,Jersey City City Council,,1,David,4225,LOCAL,2009-10-14 00:00:00+00,#,LOWER,NJ,2013-07-01 00:00:00+00
,201196,Gottheimer,137183,000000000005,757333,United States House of Representatives,Democrat,1,Joshua,4507,NATIONAL,2017-01-03 00:00:00+00,#,LOWER,NJ,2019-01-03 00:00:00+00
,196281,Mukherji,67111,000000000033,10859,New Jersey General Assembly,Democrat,2,Raj,4411,STATE,2014-01-14 00:00:00+00,#,LOWER,NJ,2020-01-14 00:00:00+00
,196146,DeAngelo,189,000000000014,10840,New Jersey General Assembly,Democrat,2,Wayne,4411,STATE,2012-01-10 00:00:00+00,#,LOWER,NJ,2020-01-14 00:00:00+00
Paterson,201003,Rivera,201003,At Large,858475,Paterson City Council,,1,Flavio,4618,LOCAL,2018-07-01 00:00:00+00,#,LOWER,NJ,2022-07-01 00:00:00+00
Jersey City,55908,Vega,7698,At Large,2131,Jersey City City Council,,3,Mariano,4225,LOCAL,2009-07-01 00:00:00+00,#,LOWER,NJ,2013-07-01 00:00:00+00
,82518,Norcross,11762,000000000005,4620,New Jersey State Senate,Democrat,1,Donald,2363,STATE,2012-01-10 00:00:00+00,159788,UPPER,NJ,2014-11-13 00:00:00+00
Jersey City,197147,Ridley,189463,A,1963,Jersey City City Council,,1,Denise,4225,LOCAL,2018-01-01 00:00:00+00,#,LOWER,NJ,2022-01-01 00:00:00+00
,200632,Schepisi,3580,000000000039,10865,New Jersey General Assembly,Republican,2,Holly,4411,STATE,2012-01-10 00:00:00+00,#,LOWER,NJ,2020-01-14 00:00:00+00
Edison,192084,Lankey,173887,At Large,859203,Mayor of Edison Township,,1,Thomas,4488,LOCAL,2013-12-31 00:00:00+00,#,EXEC,NJ,2021-12-31 00:00:00+00
,196136,Calabrese,194126,000000000036,10862,New Jersey General Assembly,Democrat,2,Clinton,4411,STATE,2018-02-08 00:00:00+00,#,LOWER,NJ,2020-01-14 00:00:00+00
,196334,Wirths,183583,000000000024,10850,New Jersey General Assembly,Republican,2,Harold,4411,STATE,2018-01-09 00:00:00+00,#,LOWER,NJ,2020-01-14 00:00:00+00
,196162,Gusciora,7684,000000000015,10841,New Jersey General Assembly,Democrat,2,Reed,4411,STATE,2012-01-10 00:00:00+00,#,LOWER,NJ,2020-01-14 00:00:00+00
,196070,Gopal,183512,000000000011,4626,New Jersey State Senate,Democrat,1,Vin,2363,STATE,2018-01-09 00:00:00+00,#,UPPER,NJ,2022-01-11 00:00:00+00
,121686,Riley,2418,000000000003,10829,New Jersey General Assembly,Democrat,2,Celeste,4411,STATE,2012-01-10 00:00:00+00,#,LOWER,NJ,2015-01-02 00:00:00+00
,27116,Baroni,2122,000000000014,4630,New Jersey State Senate,Republican,1,Bill,2363,STATE,2008-01-08 00:00:00+00,#,UPPER,NJ,2012-01-10 00:00:00+00
,196102,Weinberg,9661,000000000037,4656,New Jersey State Senate,Democrat,1,Loretta,2363,STATE,2012-01-10 00:00:00+00,#,UPPER,NJ,2022-01-11 00:00:00+00
,188988,Singleton,16762,000000000007,10833,New Jersey General Assembly,Democrat,2,Troy,4411,STATE,2012-01-10 00:00:00+00,196054,LOWER,NJ,2018-01-09 00:00:00+00
Jersey City,194234,Fulop,10555,JERSEY CITY,323,Jersey City Mayor,,1,Steven,4227,LOCAL,2013-07-01 00:00:00+00,55912,EXEC,NJ,2022-01-01 00:00:00+00
,196144,Dancer,11647,000000000012,10838,New Jersey General Assembly,Republican,2,Ronald,4411,STATE,2012-01-10 00:00:00+00,#,LOWER,NJ,2020-01-14 00:00:00+00
,623,Evans,623,000000000035,10861,New Jersey General Assembly,Democrat,2,Elease,4411,STATE,2012-01-10 00:00:00+00,#,LOWER,NJ,0001-01-02 00:00:00+00
Edison,192099,Coyle,173882,At Large,859203,Edison Township Council,,1,Joseph,4341,LOCAL,2015-12-31 00:00:00+00,#,LOWER,NJ,2019-12-31 00:00:00+00
,186597,Beck,5793,000000000011,4626,New Jersey State Senate,Republican,1,Jennifer,2363,STATE,2012-01-10 00:00:00+00,#,UPPER,NJ,2018-01-09 00:00:00+00
,196333,Wimberly,2465,000000000035,10861,New Jersey General Assembly,Democrat,2,Benjie,4411,STATE,2012-01-10 00:00:00+00,#,LOWER,NJ,2020-01-14 00:00:00+00
,196268,Peters,190948,000000000008,10834,New Jersey General Assembly,Republican,2,Ryan,4411,STATE,2018-01-09 00:00:00+00,#,LOWER,NJ,2020-01-14 00:00:00+00
,2821,Runyan,2821,000000000003,1496,United States House of Representatives,Republican,0,Jon,4507,NATIONAL,2011-01-04 00:00:00+00,#,LOWER,NJ,2013-01-03 00:00:00+00
,27123,Roberts,9385,000000000005,10831,New Jersey General Assembly,Democrat,2,Joseph,4411,STATE,2006-01-12 00:00:00+00,#,LOWER,NJ,2010-01-12 00:00:00+00
Jersey City,178678,Gadsden,134400,B,2306,Jersey City City Council,,1,Chris,4225,LOCAL,2016-11-21 00:00:00+00,#,LOWER,NJ,2018-01-01 00:00:00+00
,196189,Mazzeo,67132,000000000002,10828,New Jersey General Assembly,Democrat,2,Vincent,4411,STATE,2014-01-14 00:00:00+00,#,LOWER,NJ,2020-01-14 00:00:00+00
,196294,Schaer,4356,000000000036,10862,New Jersey General Assembly,Democrat,2,Gary,4411,STATE,2012-01-10 00:00:00+00,#,LOWER,NJ,2020-01-14 00:00:00+00
,196138,Carroll,16520,000000000025,10851,New Jersey General Assembly,Republican,2,Michael,4411,STATE,2012-01-10 00:00:00+00,#,LOWER,NJ,2020-01-14 00:00:00+00
Woodbridge,192116,Ficarra,173681,At Large,858528,Woodbridge Township Council,,1,Gregg,4297,LOCAL,2012-01-01 00:00:00+00,#,LOWER,NJ,2020-01-01 00:00:00+00
,121731,Simon,21023,000000000016,10842,New Jersey General Assembly,Republican,2,Donna,4411,STATE,2012-01-10 00:00:00+00,#,LOWER,NJ,2016-01-12 00:00:00+00
,62976,Milam,4232,000000000001,10827,New Jersey General Assembly,Democrat,2,Matthew,4411,STATE,2012-01-10 00:00:00+00,#,LOWER,NJ,2013-02-28 00:00:00+00
,70090,Amodeo,5531,000000000002,10828,New Jersey General Assembly,Republican,2,John,4411,STATE,2012-01-10 00:00:00+00,#,LOWER,NJ,2014-01-14 00:00:00+00
,196163,Handlin,15810,000000000013,10839,New Jersey General Assembly,Republican,2,Amy,4411,STATE,2012-01-10 00:00:00+00,#,LOWER,NJ,2020-01-14 00:00:00+00
Elizabeth,198828,Cede√±o,174881,4,858442,Elizabeth City Council,,1,Carlos,4383,LOCAL,2012-01-01 00:00:00+00,#,LOWER,NJ,2019-01-01 00:00:00+00
,103973,Garrett,12637,000000000005,757333,United States House of Representatives,Republican,1,Scott,4507,NATIONAL,2013-01-03 00:00:00+00,#,LOWER,NJ,2017-01-03 00:00:00+00
,14701,Beck,14701,000000000012,4627,New Jersey State Senate,Republican,1,Jennifer,2363,STATE,2012-01-10 00:00:00+00,#,UPPER,NJ,0001-01-02 00:00:00+00
,171112,Watson,133851,000000000029,10855,New Jersey General Assembly,Democrat,2,Blonnie,4411,STATE,2016-07-21 00:00:00+00,#,LOWER,NJ,2018-01-09 00:00:00+00
,5991,Ciesla,5991,000000000010,4625,New Jersey State Senate,Republican,1,Andrew,2363,STATE,2012-01-10 00:00:00+00,#,UPPER,NJ,0001-01-02 00:00:00+00
Atlantic City,192078,Cheng,123036,000000000005,1395,Atlantic City Council,Democrat,1,Chuen,1620,LOCAL,2016-01-01 00:00:00+00,#,LOWER,NJ,2020-01-01 00:00:00+00
,18057,Rodriguez,18057,000000000033,10859,New Jersey General Assembly,Democrat,2,Caridad,4411,STATE,2010-01-12 00:00:00+00,#,LOWER,NJ,2012-01-10 00:00:00+00
,182003,Kyrillos,17966,000000000013,4629,New Jersey State Senate,Republican,1,Joseph,2363,STATE,2012-01-10 00:00:00+00,#,UPPER,NJ,2018-01-09 00:00:00+00
Elizabeth,195705,Bollwage,174875,ELIZABETH,859069,Mayor of Elizabeth,,1,J.,4525,LOCAL,2012-02-05 00:00:00+00,#,EXEC,NJ,2021-01-01 00:00:00+00
,27119,Haines,4819,000000000008,4623,New Jersey State Senate,Republican,1,Phil,2363,STATE,2008-01-08 00:00:00+00,#,UPPER,NJ,2012-01-10 00:00:00+00
,196135,Burzichelli,3948,000000000003,10829,New Jersey General Assembly,Democrat,2,John,4411,STATE,2012-01-10 00:00:00+00,#,LOWER,NJ,2020-01-14 00:00:00+00
Edison,192097,Gomez,173881,At Large,859203,Edison Township Council,,1,Alvaro,4341,LOCAL,2013-12-31 00:00:00+00,#,LOWER,NJ,2021-12-31 00:00:00+00
,92915,Holt,3661,000000000012,757340,United States House of Representatives,Democrat,1,Rush,4507,NATIONAL,2013-01-03 00:00:00+00,#,LOWER,NJ,2015-01-06 00:00:00+00
,179470,Booker,64567,NJ,47,United States Senate,Democrat,2,Cory,2675,NATIONAL,2013-10-31 00:00:00+00,#,UPPER,NJ,2021-01-03 00:00:00+00
Atlantic City,192079,Marsh,15107,000000000004,1153,Atlantic City Council,Democrat,1,William,1620,LOCAL,2012-01-01 00:00:00+00,#,LOWER,NJ,2020-01-01 00:00:00+00
,17741,Conners,17741,000000000007,10833,New Jersey General Assembly,Democrat,2,Jack,4411,STATE,2010-01-12 00:00:00+00,#,LOWER,NJ,2012-01-10 00:00:00+00
,180296,VACANT,180294,000000000030,10856,New Jersey General Assembly,,2,VACANT,4411,STATE,2017-07-17 00:00:00+00,#,LOWER,NJ,2017-08-24 00:00:00+00
,199701,DeCroce,19125,000000000026,10852,New Jersey General Assembly,Republican,2,BettyLou,4411,STATE,2012-01-10 00:00:00+00,#,LOWER,NJ,2020-01-14 00:00:00+00
,4986,Munoz,4986,000000000021,10847,New Jersey General Assembly,Republican,2,Eric,4411,STATE,2008-01-01 00:00:00+00,#,LOWER,NJ,2009-03-30 00:00:00+00
,1339,VACANT,1339,000000000026,10852,New Jersey General Assembly,,2,VACANT,4411,STATE,0001-01-01 00:00:00+00,#,LOWER,NJ,2012-01-14 00:00:00+00
,196173,Jasey,17977,000000000027,10853,New Jersey General Assembly,Democrat,2,Mila,4411,STATE,2012-01-10 00:00:00+00,#,LOWER,NJ,2020-01-14 00:00:00+00
Jersey City,55906,Brennan,13001,At Large,2131,Jersey City City Council,,3,Peter,4225,LOCAL,2009-07-01 00:00:00+00,#,LOWER,NJ,2013-07-01 00:00:00+00
,196273,Pinkin,67083,000000000018,10844,New Jersey General Assembly,Democrat,2,Nancy,4411,STATE,2014-01-14 00:00:00+00,#,LOWER,NJ,2020-01-14 00:00:00+00
,198870,Zwicker,127698,000000000016,10842,New Jersey General Assembly,Democrat,2,Andrew,4411,STATE,2016-01-12 00:00:00+00,#,LOWER,NJ,2020-01-14 00:00:00+00
,196129,Auth,67127,000000000039,10865,New Jersey General Assembly,Republican,2,Robert,4411,STATE,2014-01-14 00:00:00+00,#,LOWER,NJ,2020-01-14 00:00:00+00
,196096,Cunningham,16455,000000000031,4650,New Jersey State Senate,Democrat,1,Sandra,2363,STATE,2012-01-10 00:00:00+00,#,UPPER,NJ,2022-01-11 00:00:00+00
,12204,Goodwin,12204,000000000014,4630,New Jersey State Senate,Republican,1,Thomas,2363,STATE,2010-01-14 00:00:00+00,#,UPPER,NJ,0001-01-02 00:00:00+00
,196190,McGuckin,10019,000000000010,10836,New Jersey General Assembly,Republican,2,Gregory,4411,STATE,2012-01-10 00:00:00+00,#,LOWER,NJ,2020-01-14 00:00:00+00
,21019,Addiego,11731,000000000008,10834,New Jersey General Assembly,Republican,2,Dawn Marie,4411,STATE,2008-01-12 00:00:00+00,#,LOWER,NJ,2012-01-10 00:00:00+00
,7217,LoBiondo,7217,000000000002,1501,United States House of Representatives,Republican,0,Frank,4507,NATIONAL,2011-01-04 00:00:00+00,#,LOWER,NJ,2013-01-03 00:00:00+00
,196046,Madden,12712,000000000004,4619,New Jersey State Senate,Democrat,1,Fred,2363,STATE,2012-01-10 00:00:00+00,#,UPPER,NJ,2022-01-11 00:00:00+00
Newark,200992,Amador,173939,East,858886,Newark City Council,,1,Augusto,4564,LOCAL,2014-07-01 00:00:00+00,#,LOWER,NJ,2022-07-01 00:00:00+00
Woodbridge,192117,Small,181227,At Large,858528,Woodbridge Township Council,,1,Brian,4297,LOCAL,2016-01-01 00:00:00+00,#,LOWER,NJ,2020-01-01 00:00:00+00
,196183,Kean,7267,000000000030,10856,New Jersey General Assembly,Republican,2,Sean,4411,STATE,2012-01-10 00:00:00+00,#,LOWER,NJ,2020-01-14 00:00:00+00
,167979,Brown,80897,000000000002,10828,New Jersey General Assembly,Republican,2,Chris,4411,STATE,2012-01-10 00:00:00+00,196043,LOWER,NJ,2018-01-09 00:00:00+00
,3901,Pallone,3901,000000000006,1491,United States House of Representatives,Democrat,0,Frank,4507,NATIONAL,2011-01-04 00:00:00+00,#,LOWER,NJ,2013-01-03 00:00:00+00
,11499,Corzine,11499,NJ,533,New Jersey Governor,Democrat,2,Jon,4434,STATE,2006-01-17 00:00:00+00,#,EXEC,NJ,2010-01-19 00:00:00+00
,5928,DeCroce,5928,000000000026,10852,New Jersey General Assembly,Republican,2,Alex,4411,STATE,2012-01-10 00:00:00+00,#,LOWER,NJ,0001-01-02 00:00:00+00
,196332,Webber,782,000000000026,10852,New Jersey General Assembly,Republican,2,Jay,4411,STATE,2012-01-10 00:00:00+00,#,LOWER,NJ,2020-01-14 00:00:00+00
,90288,Fiocchi,78109,000000000001,10827,New Jersey General Assembly,Republican,2,Samuel,4411,STATE,2014-01-14 00:00:00+00,#,LOWER,NJ,2016-01-12 00:00:00+00
,196043,Brown,80897,000000000002,4616,New Jersey State Senate,Republican,1,Chris,2363,STATE,2018-01-09 00:00:00+00,167979,UPPER,NJ,2022-01-11 00:00:00+00
,196913,Murphy,183623,NJ,533,New Jersey Governor,Democrat,2,Philip,4434,STATE,2018-01-15 00:00:00+00,#,EXEC,NJ,2022-01-18 00:00:00+00
,11410,Coyle,11410,000000000016,10842,New Jersey General Assembly,Republican,2,Denise,4411,STATE,2012-01-10 00:00:00+00,#,LOWER,NJ,0001-01-02 00:00:00+00
Woodbridge,192104,Drumm,173676,1,858504,Woodbridge Township Council,,1,Nancy,4297,LOCAL,2014-01-01 00:00:00+00,#,LOWER,NJ,2022-01-01 00:00:00+00
,196104,Gordon,583,000000000038,4657,New Jersey State Senate,Democrat,1,Robert,2363,STATE,2012-01-10 00:00:00+00,#,UPPER,NJ,2018-04-04 00:00:00+00
Paterson,176925,Velez,174016,5,858827,Paterson City Council,,1,Luis,4618,LOCAL,2016-07-01 00:00:00+00,#,LOWER,NJ,2020-07-01 00:00:00+00
,196184,Kennedy,121742,000000000022,10848,New Jersey General Assembly,Democrat,2,James,4411,STATE,2016-01-12 00:00:00+00,#,LOWER,NJ,2020-01-14 00:00:00+00
,196145,Danielsen,78348,000000000017,10843,New Jersey General Assembly,Democrat,2,Joe,4411,STATE,2014-10-16 00:00:00+00,#,LOWER,NJ,2020-01-14 00:00:00+00
Newark,200998,James,173941,South,858887,Newark City Council,,1,John,4564,LOCAL,2014-07-01 00:00:00+00,#,LOWER,NJ,2022-07-01 00:00:00+00
,12637,Garrett,12637,000000000005,1469,United States House of Representatives,Republican,0,Scott,4507,NATIONAL,2011-01-04 00:00:00+00,#,LOWER,NJ,2013-01-03 00:00:00+00
,121707,Brown,7812,000000000008,10834,New Jersey General Assembly,Republican,2,Christopher ,4411,STATE,2012-01-10 00:00:00+00,#,LOWER,NJ,2016-01-12 00:00:00+00
,196148,DePhillips,183603,000000000040,10866,New Jersey General Assembly,Republican,2,Christopher,4411,STATE,2018-01-09 00:00:00+00,#,LOWER,NJ,2020-01-14 00:00:00+00
,5000,Smith,5000,000000000004,1493,United States House of Representatives,Republican,0,Christopher,4507,NATIONAL,2011-01-04 00:00:00+00,#,LOWER,NJ,2013-01-03 00:00:00+00
Jersey City,55911,Gaughan,2824,D,2328,Jersey City City Council,,1,William,4225,LOCAL,2009-07-01 00:00:00+00,#,LOWER,NJ,2013-07-01 00:00:00+00
,188736,Ciattarelli,10236,000000000016,10842,New Jersey General Assembly,Republican,2,Jack,4411,STATE,2012-12-05 00:00:00+00,#,LOWER,NJ,2018-01-09 00:00:00+00
Jersey City,197148,Solomon,189468,E,2334,Jersey City City Council,,1,James,4225,LOCAL,2018-01-01 00:00:00+00,#,LOWER,NJ,2022-01-01 00:00:00+00
Atlantic City,123033,Langford,2796,ATLANTIC CITY,128,Atlantic City Mayor,,1,Lorenzo,358,LOCAL,2008-12-01 00:00:00+00,#,EXEC,NJ,2014-01-01 00:00:00+00
,162305,Sires,12040,000000000008,757336,United States House of Representatives,Democrat,1,Albio,4507,NATIONAL,2013-01-03 00:00:00+00,#,LOWER,NJ,2019-01-03 00:00:00+00
Jersey City,55910,Lopez,5100,C,2314,Jersey City City Council,,1,Nidia,4225,LOCAL,2009-07-01 00:00:00+00,#,LOWER,NJ,2013-07-01 00:00:00+00
,67108,Coutinho,4406,000000000029,10855,New Jersey General Assembly,Democrat,2,Alberto,4411,STATE,2012-01-10 00:00:00+00,#,LOWER,NJ,2013-09-11 00:00:00+00
Jersey City,195124,Yun,69705,D,2328,Jersey City City Council,,1,Michael,4225,LOCAL,2013-07-01 00:00:00+00,#,LOWER,NJ,2022-01-01 00:00:00+00
,133840,Spencer,11220,000000000029,10855,New Jersey General Assembly,Democrat,2,L. Grace,4411,STATE,2012-01-10 00:00:00+00,#,LOWER,NJ,2016-07-02 00:00:00+00
Woodbridge,192113,Meehan,173675,5,858503,Woodbridge Township Council,,1,Debbie,4297,LOCAL,2016-01-01 00:00:00+00,#,LOWER,NJ,2022-01-01 00:00:00+00
Paterson,198795,Torres,174006,PATERSON,859089,Paterson Mayor,,1,Jose,4579,LOCAL,2012-03-05 00:00:00+00,#,EXEC,NJ,2017-10-02 00:00:00+00
,196057,Connors,18249,000000000009,4624,New Jersey State Senate,Republican,1,Christopher,2363,STATE,2012-01-10 00:00:00+00,#,UPPER,NJ,2022-01-11 00:00:00+00
,16006,Polistina,16006,000000000002,10828,New Jersey General Assembly,Republican,2,Vince,4411,STATE,2012-01-10 00:00:00+00,#,LOWER,NJ,0001-01-02 00:00:00+00
,196076,Turner,4196,000000000015,4631,New Jersey State Senate,Democrat,1,Shirley,2363,STATE,2012-01-10 00:00:00+00,#,UPPER,NJ,2022-01-11 00:00:00+00
,194120,VACANT,194116,000000000015,10841,New Jersey General Assembly,,2,VACANT,4411,STATE,2018-01-15 00:00:00+00,#,LOWER,NJ,2018-02-15 00:00:00+00
,196137,Caputo,15779,000000000028,10854,New Jersey General Assembly,Democrat,2,Ralph,4411,STATE,2012-01-10 00:00:00+00,#,LOWER,NJ,2020-01-14 00:00:00+00
,27129,Cruz-Perez,10447,000000000005,10831,New Jersey General Assembly,Democrat,2,Nilsa,4411,STATE,0001-01-01 00:00:00+00,#,LOWER,NJ,2010-01-12 00:00:00+00
Paterson,176928,Mendez,174019,At Large,858475,Paterson City Council,,1,Domingo,4618,LOCAL,2016-07-01 00:00:00+00,#,LOWER,NJ,2020-07-01 00:00:00+00
,109964,Watson Coleman,11387,000000000015,10841,New Jersey General Assembly,Democrat,2,Bonnie,4411,STATE,2012-01-10 00:00:00+00,159805,LOWER,NJ,2015-01-06 00:00:00+00
,7049,Doherty,7049,000000000023,10849,New Jersey General Assembly,Republican,2,Michael,4411,STATE,2010-01-12 00:00:00+00,#,LOWER,NJ,2010-01-12 00:00:00+00
,63040,Schroeder,4291,000000000039,10865,New Jersey General Assembly,Republican,2,Robert,4411,STATE,2012-01-12 00:00:00+00,#,LOWER,NJ,2014-01-14 00:00:00+00
,90412,Dancer,15192,000000000030,546950,New Jersey General Assembly,Republican,0,Ronald,4411,STATE,2002-01-10 00:00:00+00,#,LOWER,NJ,2012-01-10 00:00:00+00
Atlantic City,192074,Tibbitt,7312,At Large,2007,Atlantic City Council,,3,George,1620,LOCAL,2010-01-01 00:00:00+00,#,LOWER,NJ,2022-01-01 00:00:00+00
,10097,Norcross,10097,000000000005,10831,New Jersey General Assembly,Democrat,2,Donald,4411,STATE,2010-01-12 00:00:00+00,#,LOWER,NJ,2010-01-19 00:00:00+00
,196134,Bucco,7313,000000000025,10851,New Jersey General Assembly,Republican,2,Anthony,4411,STATE,2012-01-10 00:00:00+00,#,LOWER,NJ,2020-01-14 00:00:00+00
Woodbridge,192115,DeJesus,173680,At Large,858528,Woodbridge Township Council,,1,Lizbeth,4297,LOCAL,2016-01-01 00:00:00+00,#,LOWER,NJ,2020-01-01 00:00:00+00
Jersey City,55907,Flood,11408,At Large,2131,Jersey City City Council,,3,Willie,4225,LOCAL,2009-07-01 00:00:00+00,#,LOWER,NJ,2013-07-01 00:00:00+00
,15826,Chiappone,15826,000000000031,10857,New Jersey General Assembly,Democrat,2,Anthony,4411,STATE,2010-01-12 00:00:00+00,#,LOWER,NJ,2010-07-16 00:00:00+00
,56549,Chiesa,56230,NJ,47,United States Senate,Republican,2,Jeffrey,2675,NATIONAL,2013-06-10 13:58:40+00,#,UPPER,NJ,2013-11-01 00:00:00+00
Jersey City,129085,VACANT,129083,B,2306,Jersey City City Council,,1,VACANT,4225,LOCAL,2016-05-01 00:00:00+00,#,LOWER,NJ,2016-06-02 00:00:00+00
,121696,Fuentes,3276,000000000005,10831,New Jersey General Assembly,Democrat,2,Angel,4411,STATE,2012-01-10 00:00:00+00,#,LOWER,NJ,2016-01-12 00:00:00+00
,196191,McKeon,16045,000000000027,10853,New Jersey General Assembly,Democrat,2,John,4411,STATE,2012-01-10 00:00:00+00,#,LOWER,NJ,2020-01-14 00:00:00+00
,196091,Codey,5523,000000000027,4645,New Jersey State Senate,Democrat,1,Richard,2363,STATE,2012-01-10 00:00:00+00,#,UPPER,NJ,2022-01-11 00:00:00+00
Jersey City,55913,Richardson,16039,F,2347,Jersey City City Council,,1,Viola,4225,LOCAL,2009-07-01 00:00:00+00,#,LOWER,NJ,2013-07-01 00:00:00+00
,62927,Buono,6655,000000000018,4634,New Jersey State Senate,Democrat,1,Barbara,2363,STATE,2012-01-10 00:00:00+00,#,UPPER,NJ,2014-01-14 00:00:00+00
,241,Smith,241,000000000031,10857,New Jersey General Assembly,Democrat,2,L. Harvey,4411,STATE,2010-01-12 00:00:00+00,#,LOWER,NJ,2010-01-12 00:00:00+00
,6211,Delany,6211,000000000008,10834,New Jersey General Assembly,Republican,2,Patrick ,4411,STATE,2012-01-10 00:00:00+00,#,LOWER,NJ,0001-01-02 00:00:00+00
Jersey City,1638,Kenny,1638,B,2306,Jersey City City Council,,1,Philip,4225,LOCAL,2009-07-01 00:00:00+00,#,LOWER,NJ,2009-10-14 00:00:00+00
,27241,Payne,23218,000000000010,1483,United States House of Representatives,Democrat,0,Donald,4507,NATIONAL,2012-11-15 00:00:00+00,#,LOWER,NJ,2013-01-03 00:00:00+00
,180290,O'Toole,15696,000000000040,4659,New Jersey State Senate,Republican,1,Kevin,2363,STATE,2012-01-10 00:00:00+00,#,UPPER,NJ,2017-07-01 00:00:00+00
Woodbridge,192103,McCormac,173598,WOODBRIDGE,859097,Mayor of Woodbridge Township,,1,John,3368,LOCAL,2016-07-01 00:00:00+00,#,EXEC,NJ,2022-01-01 00:00:00+00
Edison,197122,Joshi,182761,At Large,859203,Edison Township Council,,1,Samip,4341,LOCAL,2017-12-31 00:00:00+00,#,LOWER,NJ,2021-12-31 00:00:00+00
,5357,Rothman,5357,000000000009,1474,United States House of Representatives,Democrat,0,Steven,4507,NATIONAL,2011-01-04 00:00:00+00,#,LOWER,NJ,2013-01-03 00:00:00+00
,62994,Connors,14894,000000000033,10859,New Jersey General Assembly,Democrat,2,Sean ,4411,STATE,2012-01-10 00:00:00+00,#,LOWER,NJ,2014-01-14 00:00:00+00
,200343,Diegnan,11643,000000000018,4634,New Jersey State Senate,Democrat,1,Patrick,2363,STATE,2016-05-10 00:00:00+00,128549,UPPER,NJ,2022-01-11 00:00:00+00
,180291,VACANT,180289,000000000040,4659,New Jersey State Senate,,1,VACANT,2363,STATE,2017-07-01 00:00:00+00,#,UPPER,NJ,2017-10-05 00:00:00+00
,162468,Lance,6349,000000000007,757335,United States House of Representatives,Republican,1,Leonard,4507,NATIONAL,2013-01-03 00:00:00+00,#,LOWER,NJ,2019-01-03 00:00:00+00
,15380,Pascrell,15380,000000000008,1477,United States House of Representatives,Democrat,0,William,4507,NATIONAL,2011-01-04 00:00:00+00,#,LOWER,NJ,2013-01-03 00:00:00+00
Elizabeth,195709,Gonzalez,174879,2,858448,Elizabeth City Council,,1,Nelson,4383,LOCAL,2015-01-01 00:00:00+00,#,LOWER,NJ,2019-01-01 00:00:00+00
,198734,Lagana,67126,000000000038,10864,New Jersey General Assembly,Democrat,2,Joseph,4411,STATE,2014-01-14 00:00:00+00,200263,LOWER,NJ,2018-04-12 00:00:00+00
,27121,Love,16896,000000000004,10830,New Jersey General Assembly,Democrat,2,Sandra,4411,STATE,2008-01-08 00:00:00+00,#,LOWER,NJ,2010-01-12 00:00:00+00
,196040,Sweeney,10494,000000000003,4617,New Jersey State Senate,Democrat,1,Stephen,2363,STATE,2012-01-10 00:00:00+00,#,UPPER,NJ,2022-01-11 00:00:00+00
,179016,Christie,10249,NJ,533,New Jersey Governor,Republican,2,Chris,4434,STATE,2010-01-19 00:00:00+00,#,EXEC,NJ,2018-01-15 00:00:00+00
,63034,Rudder,11587,000000000008,10834,New Jersey General Assembly,Republican,2,Scott,4411,STATE,2012-01-10 00:00:00+00,#,LOWER,NJ,2014-01-14 00:00:00+00
